model,MAE,RMSE,R2,MAPE_percent
XGBRegressor,1.735433062297405,3.0765846734092945,0.9849040250985663,14.168460927885802
Ridge_Regression,2.369891316093723,4.450785693367332,0.9684065693440984,18.99977733355127
Baseline_lag_12,3.44259895727143,7.032456106351194,0.9211253434745019,22.403639209103005
