KPI,Value
Demand Forecast Accuracy R2,0.9849040250985663
Demand Forecast RMSE,3.0765846734092945
Charger Utilization Rate,0.28754787834938866
Waiting Time Proxy Before,1.0345980412836975
