model,MAE,RMSE,R2,MAPE_percent
XGBRegressor,1.9289325487666351,3.4651610276553098,0.980849934520357,15.390332238752041
Ridge_Regression,2.369891316093723,4.450785693367332,0.9684065693440984,18.99977733355127
Baseline_lag_12,3.44259895727143,7.032456106351194,0.9211253434745019,22.403639209103005
