Metric,Value
Revenue Gain %,0.9780356505366608
RMSE,3.4651610276553098
Drift %,-0.9953992098482927
Active Alerts,1.0
