hour,idle_time_hours
10,6.957048611111112
7,4.858532608695652
3,4.361214975845411
4,3.64307945041816
15,3.490431414495008
14,3.4069038500816995
6,3.3847262479871176
13,3.278885381593715
11,3.1831690997566913
16,3.1608755860865774
