KPI,Value
Baseline Revenue INR,2025419.748493453
Dynamic Pricing Revenue INR,2045229.075706729
Revenue Gain %,0.9780356505366609
Average Tariff Change %,2.0022601506767166
Customer Response Rate %,-0.9984698979931927
Pricing Efficiency Score,0.48846582208915656
Pricing Efficiency INR per adjusted kWh,15.299429622000256
Average Idle Time Hours,2.689698152224668
