KPI,Value
Baseline Revenue INR,2025419.748493453
Dynamic Pricing Revenue INR,2057241.403991059
Revenue Gain %,1.5711141120883947
Average Tariff Change %,3.993599573304887
Customer Response Rate %,-1.9781318754583554
Pricing Efficiency Score,0.3934080228249388
Pricing Efficiency INR per adjusted kWh,15.541300694288807
Average Idle Time Hours,2.689698152224668
