feature,importance
lag_1,0.6573687
rolling_mean_12,0.28306115
lag_288,0.025352662
hour,0.0043059657
CBD,0.0040594907
count,0.003501605
slow_count,0.0026821627
fast_count,0.0026420355
is_weekend,0.0025757009
lag_12,0.002532873
dynamic_pricing,0.0020426842
price,0.0017781815
area,0.0016434804
neighbor_occupancy,0.0016173703
lag_24,0.0015947231
